54	+380000159953,+380007852618,417192,417274,417274,82,0,ANSWERED
55	+380000159953,+380004651286,417572,417605,417629,57,24,ANSWERED
56	+380000159953,+380002016490,417598,417599,417659,61,60,BUSY
57	+380000159953,+380005752120,417728,417785,417926,198,141,ANSWERED
58	+380000159953,+380001688682,417891,417955,418122,231,167,BUSY
59	+380000159953,+380004335391,418235,418288,418319,84,31,ANSWERED
60	+380000159953,+380001475853,418498,418555,418723,225,168,ABANDONED
61	+380000159953,+380003647896,418604,418685,418744,140,59,BUSY
62	+380000159953,+380003209443,418744,418771,418943,199,172,ANSWERED
63	+380000159953,+380007178072,419040,419062,419160,120,98,ANSWERED
64	+380000159953,+380006360070,419130,419194,419289,159,95,ANSWERED
65	+380000159953,+380006360070,419855,419941,420113,258,172,ANSWERED
66	+380000159953,+380005807907,419983,420020,420169,186,149,ANSWERED
67	+380000159953,+380003209443,420413,420461,420479,66,18,ANSWERED
68	+380000159953,+380002815801,421563,421635,421650,87,15,ANSWERED
69	+380000159953,+380008641069,421642,421655,421666,24,11,ANSWERED
70	+380000159953,+380001578741,421909,421973,422093,184,120,ANSWERED
71	+380000159953,+380001570866,421942,421973,422006,64,33,ANSWERED
72	+380000159953,+380007856580,422176,422226,422365,189,139,BUSY
73	+380000159953,+380003382563,422283,422351,422458,175,107,ANSWERED
74	+380000159953,+380009458417,422513,422569,422604,91,35,ANSWERED
75	+380000159953,+380007852618,422991,423046,423074,83,28,ANSWERED
76	+380000159953,+380000163172,423027,423055,423202,175,147,ANSWERED
77	+380000159953,+380009724998,423140,423186,423237,97,51,ANSWERED
78	+380000159953,+380002817831,423273,423312,423382,109,70,ANSWERED
79	+380000159953,+380001578741,423326,423334,423392,66,58,ANSWERED
80	+380000159953,+380008641069,423441,423512,423575,134,63,ANSWERED
81	+380000159953,+380002815801,423525,423562,423666,141,104,ANSWERED
82	+380000159953,+380003806633,423583,423669,423729,146,60,ANSWERED
83	+380000159953,+380007852618,423592,423606,423756,164,150,ANSWERED
84	+380000159953,+380002817831,423643,423667,423702,59,35,ANSWERED
85	+380000159953,+380000163172,423928,424011,424156,228,145,ANSWERED
86	+380000159953,+380000432339,424075,424161,424220,145,59,ANSWERED
87	+380000159953,+380001688682,424227,424237,424315,88,78,ANSWERED
88	+380000159953,+380002817831,424500,424509,424606,106,97,ANSWERED
89	+380000159953,+380003209443,424514,424539,424695,181,156,ANSWERED
90	+380000159953,+380003209443,424671,424683,424758,87,75,BUSY
91	+380000159953,+380009668635,424829,424881,424921,92,40,ANSWERED
92	+380000159953,+380007826061,424992,425071,425172,180,101,BUSY
93	+380000159953,+380007178072,425559,425628,425647,88,19,ANSWERED
94	+380000159953,+380002815801,425944,425958,426078,134,120,ABANDONED
95	+380000159953,+380005752120,426051,426129,426168,117,39,ANSWERED
96	+380000159953,+380007698918,426411,426488,426658,247,170,ANSWERED
97	+380000159953,+380005752120,426731,426818,426860,129,42,ANSWERED
98	+380000159953,+380007856580,426750,426822,426925,175,103,ANSWERED
99	+380000159953,+380007397348,427137,427209,427344,207,135,ANSWERED
100	+380000159953,+380007178072,427140,427188,427211,71,23,ABANDONED
101	+380000159953,+380000133995,428333,428378,428416,83,38,ANSWERED
102	+380000159953,+380004651286,428370,428437,428537,167,100,BUSY
103	+380000159953,+380005807907,428667,428698,428784,117,86,ANSWERED
104	+380000159953,+380001688682,428743,428755,428893,150,138,ANSWERED
105	+380000159953,+380007740670,428794,428841,428926,132,85,ANSWERED
106	+380000159953,+380002815801,428809,428858,428881,72,23,ABANDONED
107	+380000159953,+380003777371,429085,429165,429317,232,152,ANSWERED
108	+380000159953,+380008570686,429287,429291,429457,170,166,ANSWERED
109	+380000159953,+380001644403,429288,429306,429439,151,133,BUSY
110	+380000159953,+380001644403,429772,429828,429915,143,87,ANSWERED
111	+380000159953,+380000163172,429906,429949,430010,104,61,ANSWERED
112	+380000159953,+380000133995,430350,430430,430509,159,79,ANSWERED
113	+380000159953,+380006400878,430433,430479,430488,55,9,ANSWERED
114	+380000159953,+380009724998,431062,431137,431306,244,169,BUSY
115	+380000159953,+380008126216,431540,431605,431654,114,49,ANSWERED
116	+380000159953,+380006360070,431550,431619,431672,122,53,ANSWERED
117	+380000159953,+380008126216,431727,431787,431820,93,33,ANSWERED
118	+380000159953,+380001570866,431772,431799,431969,197,170,BUSY
119	+380000159953,+380001644403,432164,432170,432219,55,49,ANSWERED
120	+380000159953,+380007397348,432954,433010,433155,201,145,ABANDONED
121	+380000159953,+380000432339,432987,433063,433207,220,144,ABANDONED
122	+380000159953,+380001644403,433494,433557,433633,139,76,ANSWERED
123	+380000159953,+380006768836,433611,433660,433696,85,36,ABANDONED
124	+380000159953,+380008902185,433893,433948,434057,164,109,ANSWERED
125	+380000159953,+380007367817,433906,433930,434086,180,156,ANSWERED
126	+380000159953,+380003647896,434245,434270,434318,73,48,ANSWERED
127	+380000159953,+380007852618,434736,434758,434800,64,42,ANSWERED
128	+380000159953,+380001475853,434738,434795,434924,186,129,ANSWERED
129	+380000159953,+380003777371,434841,434893,434982,141,89,ABANDONED
130	+380000159953,+380000365437,434904,434937,434984,80,47,ANSWERED
131	+380000159953,+380004335391,435605,435626,435716,111,90,ANSWERED
132	+380000159953,+380002817831,435942,435994,436026,84,32,ANSWERED
133	+380000159953,+380007740670,435990,435991,436002,12,11,ANSWERED
134	+380000159953,+380002817831,436003,436037,436104,101,67,BUSY
135	+380000159953,+380006400878,436066,436115,436282,216,167,ANSWERED
136	+380000159953,+380003806633,436087,436114,436246,159,132,ANSWERED
137	+380000159953,+380003382563,436092,436150,436261,169,111,ANSWERED
138	+380000159953,+380009458417,436207,436231,436302,95,71,ANSWERED
139	+380000159953,+380007367817,436288,436298,436390,102,92,ANSWERED
140	+380000159953,+380007826061,436893,436939,436965,72,26,ANSWERED
141	+380000159953,+380007826061,437003,437018,437126,123,108,ANSWERED
142	+380000159953,+380007856580,437107,437170,437292,185,122,ANSWERED
143	+380000159953,+380001972812,437194,437270,437304,110,34,ANSWERED
144	+380000159953,+380003647896,437531,437619,437693,162,74,ANSWERED
145	+380000159953,+380001972812,437686,437743,437780,94,37,ANSWERED
146	+380000159953,+380008902185,437943,437974,438068,125,94,ANSWERED
147	+380000159953,+380009668635,438224,438290,438460,236,170,ANSWERED
148	+380000159953,+380003382563,438300,438324,438436,136,112,ANSWERED
149	+380000159953,+380009668635,438544,438618,438771,227,153,ANSWERED
150	+380000159953,+380008126216,438572,438572,438580,8,8,ANSWERED
151	+380000159953,+380001578741,438754,438808,438879,125,71,ABANDONED
152	+380000159953,+380009668635,439566,439631,439804,238,173,ANSWERED
153	+380000159953,+380000163172,441763,441837,441868,105,31,ANSWERED
154	+380000159953,+380002016490,442932,443009,443164,232,155,ANSWERED
155	+380000159953,+380009458417,446811,446813,446871,60,58,ANSWERED
156	+380000159953,+380003209443,452514,452563,452575,61,12,ANSWERED
157	+380000159953,+380008126216,490469,490511,490646,177,135,ABANDONED
158	+380000159953,+380005807907,492234,492285,492441,207,156,ABANDONED
159	+380000159953,+380001578741,495710,495785,495868,158,83,ANSWERED
160	+380000159953,+380000163172,495896,495918,495931,35,13,ANSWERED
161	+380000159953,+380001972812,496029,496064,496199,170,135,ANSWERED
162	+380000159953,+380000365437,496780,496826,496869,89,43,ANSWERED
163	+380000159953,+380000133995,498869,498939,499061,192,122,ABANDONED
164	+380000159953,+380008570686,498933,498938,499089,156,151,ANSWERED
165	+380000159953,+380007740670,499399,499400,499404,5,4,ANSWERED
166	+380000159953,+380004881415,499607,499631,499677,70,46,ANSWERED
167	+380000159953,+380006671489,500364,500392,500502,138,110,ANSWERED
168	+380000159953,+380008570686,500440,500496,500556,116,60,ANSWERED
169	+380000159953,+380002815801,500935,500948,501106,171,158,ANSWERED
170	+380000159953,+380007397348,500960,501038,501052,92,14,ANSWERED
171	+380000159953,+380001972812,501332,501382,501555,223,173,ANSWERED
172	+380000159953,+380008570686,501804,501806,501922,118,116,ANSWERED
173	+380000159953,+380007178072,501828,501879,501974,146,95,ANSWERED
174	+380000159953,+380009668635,501925,501963,502054,129,91,ANSWERED
175	+380000159953,+380006360070,502068,502087,502249,181,162,ANSWERED
176	+380000159953,+380004881415,503110,503169,503169,59,0,ANSWERED
177	+380000159953,+380001578741,503674,503742,503854,180,112,ANSWERED
178	+380000159953,+380008710122,503749,503775,503825,76,50,ANSWERED
179	+380000159953,+380007852618,504500,504529,504536,36,7,ABANDONED
180	+380000159953,+380006400878,504541,504571,504672,131,101,ANSWERED
181	+380000159953,+380003806633,504598,504682,504719,121,37,ANSWERED
182	+380000159953,+380003647896,504730,504751,504813,83,62,BUSY
183	+380000159953,+380001972812,504743,504793,504902,159,109,ANSWERED
184	+380000159953,+380007852618,504783,504854,505009,226,155,ANSWERED
185	+380000159953,+380006400878,505186,505273,505314,128,41,ANSWERED
186	+380000159953,+380004881415,506400,506411,506416,16,5,ANSWERED
187	+380000159953,+380008902185,506643,506708,506762,119,54,ANSWERED
188	+380000159953,+380000133995,507025,507080,507165,140,85,ANSWERED
189	+380000159953,+380003209443,507043,507049,507055,12,6,ANSWERED
190	+380000159953,+380007826061,507227,507256,507308,81,52,BUSY
191	+380000159953,+380007698918,507475,507501,507576,101,75,BUSY
192	+380000159953,+380006053966,507981,507988,508099,118,111,ANSWERED
193	+380000159953,+380009724998,508427,508430,508594,167,164,ANSWERED
194	+380000159953,+380008126216,508428,508437,508603,175,166,ANSWERED
195	+380000159953,+380003382563,508790,508828,508828,38,0,BUSY
196	+380000159953,+380004881415,509151,509172,509317,166,145,ANSWERED
197	+380000159953,+380000133995,509343,509354,509445,102,91,ANSWERED
198	+380000159953,+380007698918,509682,509691,509802,120,111,ABANDONED
199	+380000159953,+380001578741,509724,509799,509859,135,60,ANSWERED
200	+380000159953,+380005807907,509866,509932,509976,110,44,ANSWERED
201	+380000159953,+380007852618,509960,509979,510129,169,150,ANSWERED
202	+380000159953,+380003209443,510939,510998,511097,158,99,ANSWERED
203	+380000159953,+380005807907,511652,511712,511752,100,40,ANSWERED
204	+380000159953,+380009724998,512001,512062,512201,200,139,ANSWERED
205	+380000159953,+380006400878,512015,512027,512165,150,138,ANSWERED
206	+380000159953,+380004881415,512036,512073,512243,207,170,ANSWERED
207	+380000159953,+380000163172,512046,512091,512161,115,70,ANSWERED
208	+380000159953,+380007397348,512478,512567,512571,93,4,ANSWERED
209	+380000159953,+380002016490,512507,512515,512542,35,27,ANSWERED
210	+380000159953,+380007397348,513109,513133,513189,80,56,BUSY
211	+380000159953,+380007856580,513211,513236,513269,58,33,BUSY
212	+380000159953,+380009458417,513235,513306,513409,174,103,ANSWERED
213	+380000159953,+380007852618,513490,513519,513562,72,43,ANSWERED
214	+380000159953,+380001570866,513500,513579,513732,232,153,ANSWERED
215	+380000159953,+380001578741,513815,513874,514034,219,160,ANSWERED
216	+380000159953,+380003777371,513842,513922,513925,83,3,ANSWERED
217	+380000159953,+380003382563,513851,513935,513946,95,11,ANSWERED
218	+380000159953,+380001688682,514518,514526,514640,122,114,ANSWERED
219	+380000159953,+380003777371,515094,515171,515262,168,91,ANSWERED
220	+380000159953,+380001578741,515178,515193,515340,162,147,ANSWERED
221	+380000159953,+380000163172,515796,515884,516019,223,135,ANSWERED
222	+380000159953,+380005752120,516871,516892,517007,136,115,ANSWERED
223	+380000159953,+380006671489,517063,517094,517175,112,81,ANSWERED
224	+380000159953,+380006671489,517677,517726,517752,75,26,ANSWERED
225	+380000159953,+380000365437,517902,517937,517944,42,7,ANSWERED
226	+380000159953,+380003647896,517994,518049,518084,90,35,ANSWERED
227	+380000159953,+380000432339,518229,518279,518435,206,156,BUSY
228	+380000159953,+380005752120,518286,518315,518442,156,127,ANSWERED
229	+380000159953,+380008570686,518706,518718,518726,20,8,ANSWERED
230	+380000159953,+380007740670,519136,519208,519291,155,83,ANSWERED
231	+380000159953,+380003777371,519392,519428,519530,138,102,ANSWERED
232	+380000159953,+380006343961,519555,519640,519642,87,2,ANSWERED
233	+380000159953,+380002016490,519644,519712,519767,123,55,ANSWERED
234	+380000159953,+380006053966,519986,520041,520171,185,130,ANSWERED
235	+380000159953,+380000365437,520211,520212,520349,138,137,ANSWERED
236	+380000159953,+380006883307,521953,522010,522048,95,38,ANSWERED
237	+380000159953,+380009458417,522226,522264,522377,151,113,BUSY
238	+380000159953,+380007740670,522439,522484,522579,140,95,ANSWERED
239	+380000159953,+380000163172,522462,522545,522553,91,8,ANSWERED
240	+380000159953,+380007698918,523178,523181,523262,84,81,ANSWERED
241	+380000159953,+380006400878,523201,523212,523386,185,174,ANSWERED
242	+380000159953,+380003977368,523638,523648,523821,183,173,ANSWERED
243	+380000159953,+380008710122,523710,523788,523876,166,88,ANSWERED
244	+380000159953,+380009668635,524625,524671,524692,67,21,ANSWERED
245	+380000159953,+380006649371,524635,524709,524723,88,14,ANSWERED
246	+380000159953,+380003977368,524665,524708,524761,96,53,ABANDONED
247	+380000159953,+380004335391,524689,524711,524864,175,153,ANSWERED
248	+380000159953,+380003209443,524957,524970,525025,68,55,ABANDONED
249	+380000159953,+380008902185,525456,525511,525628,172,117,ANSWERED
250	+380000159953,+380007852618,525487,525525,525537,50,12,ABANDONED
251	+380000159953,+380000365437,525687,525744,525835,148,91,BUSY
252	+380000159953,+380007698918,529104,529156,529315,211,159,ANSWERED
253	+380000159953,+380003209443,531939,531962,531983,44,21,ANSWERED
254	+380000159953,+380007367817,532272,532319,532472,200,153,ANSWERED
255	+380000159953,+380006671489,542149,542226,542400,251,174,ABANDONED
256	+380000159953,+380002815801,577296,577351,577383,87,32,ANSWERED
257	+380000159953,+380007698918,577558,577599,577608,50,9,ANSWERED
258	+380000159953,+380003209443,583138,583196,583276,138,80,ANSWERED
259	+380000159953,+380007397348,583414,583484,583492,78,8,ANSWERED
260	+380000159953,+380009458417,583576,583583,583615,39,32,ANSWERED
261	+380000159953,+380001570866,585197,585208,585326,129,118,BUSY
262	+380000159953,+380000163172,585860,585939,586103,243,164,ANSWERED
263	+380000159953,+380001972812,586149,586178,586350,201,172,ANSWERED
264	+380000159953,+380004335391,586187,586196,586330,143,134,ANSWERED
265	+380000159953,+380006400878,586353,586378,586482,129,104,BUSY
266	+380000159953,+380003209443,586628,586679,586741,113,62,BUSY
267	+380000159953,+380003209443,586683,586736,586840,157,104,BUSY
268	+380000159953,+380002817831,586775,586779,586881,106,102,ANSWERED
269	+380000159953,+380000133995,587037,587081,587226,189,145,ANSWERED
270	+380000159953,+380002016490,587055,587091,587173,118,82,ABANDONED
271	+380000159953,+380003209443,587064,587067,587133,69,66,ANSWERED
272	+380000159953,+380003977368,587106,587185,587218,112,33,ANSWERED
273	+380000159953,+380001570866,587176,587212,587291,115,79,BUSY
274	+380000159953,+380006360070,587269,587344,587469,200,125,ANSWERED
275	+380000159953,+380003806633,587346,587374,587426,80,52,ANSWERED
276	+380000159953,+380004881415,587357,587401,587549,192,148,ANSWERED
277	+380000159953,+380009668635,587494,587537,587702,208,165,ANSWERED
278	+380000159953,+380002817831,588243,588246,588314,71,68,ANSWERED
279	+380000159953,+380000432339,588411,588464,588510,99,46,ANSWERED
280	+380000159953,+380002016490,589639,589714,589825,186,111,ANSWERED
281	+380000159953,+380006400878,589712,589762,589868,156,106,ANSWERED
282	+380000159953,+380002815801,589843,589859,589997,154,138,ANSWERED
283	+380000159953,+380001578741,589862,589879,590026,164,147,ANSWERED
284	+380000159953,+380007852618,590058,590059,590078,20,19,ANSWERED
285	+380000159953,+380000133995,590283,590364,590369,86,5,ANSWERED
286	+380000159953,+380008641069,590607,590608,590630,23,22,ANSWERED
287	+380000159953,+380008641069,590830,590853,590984,154,131,ANSWERED
288	+380000159953,+380003382563,591394,591459,591499,105,40,ANSWERED
289	+380000159953,+380001570866,592795,592865,592918,123,53,ANSWERED
290	+380000159953,+380003209443,593139,593185,593295,156,110,ANSWERED
291	+380000159953,+380003977368,593152,593180,593353,201,173,ANSWERED
292	+380000159953,+380002016490,593188,593203,593337,149,134,ANSWERED
293	+380000159953,+380001688682,593245,593254,593406,161,152,ANSWERED
294	+380000159953,+380001688682,593476,593556,593573,97,17,ANSWERED
295	+380000159953,+380000432339,593626,593690,593740,114,50,ANSWERED
296	+380000159953,+380000432339,593804,593838,593965,161,127,ANSWERED
297	+380000159953,+380003806633,594209,594223,594278,69,55,ANSWERED
298	+380000159953,+380003806633,594894,594909,595041,147,132,ANSWERED
299	+380000159953,+380007740670,595069,595155,595163,94,8,BUSY
300	+380000159953,+380007740670,595549,595616,595632,83,16,ANSWERED
301	+380000159953,+380009458417,595645,595659,595710,65,51,ABANDONED
302	+380000159953,+380003382563,595670,595686,595732,62,46,ANSWERED
303	+380000159953,+380000365437,595766,595816,595890,124,74,ANSWERED
304	+380000159953,+380003806633,595812,595866,595981,169,115,ANSWERED
305	+380000159953,+380007698918,596305,596314,596429,124,115,ANSWERED
306	+380000159953,+380003647896,596722,596780,596786,64,6,ABANDONED
307	+380000159953,+380000365437,596856,596909,597007,151,98,ABANDONED
308	+380000159953,+380001972812,597086,597145,597311,225,166,ANSWERED
309	+380000159953,+380006883307,597922,597956,597986,64,30,ANSWERED
310	+380000159953,+380001570866,598386,598474,598631,245,157,ANSWERED
311	+380000159953,+380002016490,598388,598434,598448,60,14,ANSWERED
312	+380000159953,+380006360070,598938,599015,599016,78,1,ANSWERED
313	+380000159953,+380008126216,598973,598975,599074,101,99,ABANDONED
314	+380000159953,+380001688682,599223,599295,599384,161,89,ANSWERED
315	+380000159953,+380003777371,599242,599244,599261,19,17,ABANDONED
316	+380000159953,+380009668635,599816,599828,599901,85,73,ABANDONED
317	+380000159953,+380006649371,599987,600004,600039,52,35,BUSY
318	+380000159953,+380006053966,600419,600479,600562,143,83,ANSWERED
319	+380000159953,+380000042577,600707,600732,600868,161,136,ANSWERED
320	+380000159953,+380007740670,600777,600838,600896,119,58,ANSWERED
321	+380000159953,+380000432339,600819,600900,601001,182,101,ANSWERED
322	+380000159953,+380003382563,600978,600996,601102,124,106,BUSY
323	+380000159953,+380003977368,601036,601045,601208,172,163,ABANDONED
324	+380000159953,+380008126216,601123,601156,601199,76,43,ANSWERED
325	+380000159953,+380001688682,601321,601385,601512,191,127,ANSWERED
326	+380000159953,+380006671489,601803,601831,601942,139,111,BUSY
327	+380000159953,+380003382563,602026,602080,602184,158,104,ANSWERED
328	+380000159953,+380000163172,602455,602472,602501,46,29,ANSWERED
329	+380000159953,+380001475853,603092,603125,603255,163,130,ANSWERED
330	+380000159953,+380000042577,603284,603366,603368,84,2,ANSWERED
331	+380000159953,+380008902185,603386,603455,603592,206,137,ABANDONED
332	+380000159953,+380003647896,603472,603539,603539,67,0,ANSWERED
333	+380000159953,+380001688682,603582,603659,603819,237,160,ANSWERED
334	+380000159953,+380006053966,603739,603811,603859,120,48,ANSWERED
335	+380000159953,+380000042577,604418,604485,604581,163,96,ANSWERED
336	+380000159953,+380005807907,604487,604573,604654,167,81,ANSWERED
337	+380000159953,+380007178072,604642,604716,604889,247,173,ABANDONED
338	+380000159953,+380008570686,604681,604751,604803,122,52,ANSWERED
339	+380000159953,+380006768836,604851,604857,604892,41,35,ANSWERED
340	+380000159953,+380006360070,605045,605048,605128,83,80,ANSWERED
341	+380000159953,+380008710122,605885,605930,606081,196,151,ANSWERED
342	+380000159953,+380008710122,605993,605999,606104,111,105,BUSY
343	+380000159953,+380005807907,606293,606369,606538,245,169,ANSWERED
344	+380000159953,+380000042577,606633,606654,606747,114,93,ANSWERED
345	+380000159953,+380008902185,606735,606788,606881,146,93,ANSWERED
346	+380000159953,+380003806633,606799,606867,606867,68,0,ANSWERED
347	+380000159953,+380007852618,607710,607757,607788,78,31,ABANDONED
348	+380000159953,+380004651286,607840,607925,607973,133,48,ANSWERED
349	+380000159953,+380000133995,607949,608031,608037,88,6,ANSWERED
350	+380000159953,+380002815801,608490,608564,608568,78,4,ANSWERED
351	+380000159953,+380002016490,608695,608701,608705,10,4,ANSWERED
352	+380000159953,+380007178072,608777,608786,608950,173,164,ANSWERED
353	+380000159953,+380007852618,609110,609174,609285,175,111,ANSWERED
354	+380000159953,+380005752120,609918,609923,609993,75,70,ANSWERED
355	+380000159953,+380000163172,610005,610030,610048,43,18,ABANDONED
356	+380000159953,+380000133995,610573,610658,610791,218,133,BUSY
357	+380000159953,+380000163172,610819,610869,610899,80,30,ANSWERED
358	+380000159953,+380000163172,611423,611478,611508,85,30,ANSWERED
359	+380000159953,+380006649371,612027,612077,612210,183,133,ANSWERED
360	+380000159953,+380003806633,615271,615287,615415,144,128,ANSWERED
361	+380000159953,+380004651286,618790,618823,618979,189,156,ANSWERED
362	+380000159953,+380009724998,621051,621101,621208,157,107,BUSY
363	+380000159953,+380008570686,653668,653680,653801,133,121,ANSWERED
364	+380000159953,+380000133995,666299,666317,666421,122,104,ANSWERED
365	+380000159953,+380001475853,667228,667243,667246,18,3,ANSWERED
366	+380000159953,+380007856580,667307,667309,667372,65,63,ABANDONED
367	+380000159953,+380006053966,668357,668372,668404,47,32,ANSWERED
368	+380000159953,+380003806633,669357,669406,669487,130,81,ANSWERED
369	+380000159953,+380007856580,669398,669447,669482,84,35,ANSWERED
370	+380000159953,+380007397348,669535,669568,669626,91,58,ANSWERED
371	+380000159953,+380001578741,670064,670089,670105,41,16,ABANDONED
372	+380000159953,+380007698918,671127,671213,671272,145,59,ANSWERED
373	+380000159953,+380002817831,671224,671265,671305,81,40,ANSWERED
374	+380000159953,+380008710122,671458,671536,671544,86,8,ANSWERED
375	+380000159953,+380001570866,671654,671674,671727,73,53,ANSWERED
376	+380000159953,+380002815801,671719,671760,671877,158,117,ANSWERED
377	+380000159953,+380007852618,671900,671920,672010,110,90,ANSWERED
378	+380000159953,+380001644403,672702,672709,672755,53,46,ANSWERED
379	+380000159953,+380000365437,672797,672868,672919,122,51,ANSWERED
380	+380000159953,+380007367817,672987,673071,673223,236,152,ANSWERED
381	+380000159953,+380003382563,673209,673270,673365,156,95,ANSWERED
382	+380000159953,+380003382563,673230,673273,673317,87,44,BUSY
383	+380000159953,+380008710122,673505,673534,673630,125,96,ANSWERED
384	+380000159953,+380009668635,673628,673701,673819,191,118,ANSWERED
385	+380000159953,+380000432339,673632,673716,673876,244,160,BUSY
386	+380000159953,+380006649371,673787,673841,673871,84,30,BUSY
387	+380000159953,+380009458417,674384,674396,674475,91,79,ANSWERED
388	+380000159953,+380001475853,674439,674479,674521,82,42,ANSWERED
389	+380000159953,+380007826061,674442,674479,674516,74,37,ANSWERED
390	+380000159953,+380006768836,675140,675187,675322,182,135,ANSWERED
391	+380000159953,+380007856580,675285,675370,675381,96,11,ABANDONED
392	+380000159953,+380006671489,675666,675679,675709,43,30,ANSWERED
393	+380000159953,+380006671489,675774,675801,675965,191,164,BUSY
394	+380000159953,+380008570686,676339,676387,676549,210,162,ANSWERED
395	+380000159953,+380001644403,676906,676969,677133,227,164,ANSWERED
396	+380000159953,+380007698918,676947,676974,677021,74,47,ANSWERED
397	+380000159953,+380008710122,677592,677678,677687,95,9,BUSY
398	+380000159953,+380009724998,678049,678091,678173,124,82,ANSWERED
399	+380000159953,+380008641069,678376,678457,678610,234,153,ANSWERED
400	+380000159953,+380007698918,678406,678492,678602,196,110,ANSWERED
401	+380000159953,+380007852618,678880,678907,678998,118,91,ANSWERED
402	+380000159953,+380003977368,679136,679173,679214,78,41,ANSWERED
403	+380000159953,+380004335391,679532,679598,679672,140,74,ANSWERED
404	+380000159953,+380000365437,680100,680116,680176,76,60,ANSWERED
405	+380000159953,+380003209443,680139,680218,680340,201,122,ANSWERED
406	+380000159953,+380007397348,680469,680509,680653,184,144,ANSWERED
407	+380000159953,+380001570866,680972,681041,681053,81,12,ABANDONED
408	+380000159953,+380003806633,681102,681116,681260,158,144,ANSWERED
409	+380000159953,+380003977368,681480,681490,681523,43,33,ANSWERED
410	+380000159953,+380006343961,681560,681628,681628,68,0,ANSWERED
411	+380000159953,+380005807907,681726,681734,681819,93,85,ANSWERED
412	+380000159953,+380000365437,682229,682277,682321,92,44,ANSWERED
413	+380000159953,+380006343961,683184,683236,683409,225,173,ABANDONED
414	+380000159953,+380008570686,683643,683684,683734,91,50,ANSWERED
415	+380000159953,+380002016490,683645,683686,683849,204,163,ANSWERED
416	+380000159953,+380002815801,683812,683901,683927,115,26,ANSWERED
417	+380000159953,+380007852618,684131,684198,684319,188,121,ANSWERED
418	+380000159953,+380000365437,684315,684397,684530,215,133,ANSWERED
419	+380000159953,+380009724998,684729,684787,684951,222,164,ANSWERED
420	+380000159953,+380001972812,686225,686258,686379,154,121,ABANDONED
421	+380000159953,+380004651286,686866,686887,686989,123,102,ANSWERED
422	+380000159953,+380004335391,686879,686946,686967,88,21,ANSWERED
423	+380000159953,+380008902185,687004,687051,687092,88,41,ANSWERED
424	+380000159953,+380006400878,687423,687430,687536,113,106,ABANDONED
425	+380000159953,+380007856580,687554,687557,687594,40,37,ANSWERED
426	+380000159953,+380009724998,687731,687753,687816,85,63,ANSWERED
427	+380000159953,+380004651286,687964,688013,688168,204,155,ANSWERED
428	+380000159953,+380009458417,688267,688301,688387,120,86,ANSWERED
429	+380000159953,+380007826061,688567,688639,688799,232,160,ANSWERED
430	+380000159953,+380004651286,688616,688688,688819,203,131,ANSWERED
431	+380000159953,+380007397348,688723,688729,688762,39,33,ANSWERED
432	+380000159953,+380003806633,689150,689181,689243,93,62,ANSWERED
433	+380000159953,+380004335391,689243,689282,689423,180,141,ANSWERED
434	+380000159953,+380000365437,690100,690147,690312,212,165,ANSWERED
435	+380000159953,+380005752120,690706,690774,690882,176,108,ANSWERED
436	+380000159953,+380008126216,691261,691293,691352,91,59,ANSWERED
437	+380000159953,+380003777371,691599,691651,691677,78,26,ANSWERED
438	+380000159953,+380007740670,692178,692239,692267,89,28,BUSY
439	+380000159953,+380005752120,692205,692224,692323,118,99,ANSWERED
440	+380000159953,+380007397348,692939,692984,693022,83,38,ANSWERED
441	+380000159953,+380008570686,693062,693114,693146,84,32,ANSWERED
442	+380000159953,+380007367817,693114,693203,693230,116,27,ANSWERED
443	+380000159953,+380007852618,693665,693681,693781,116,100,ANSWERED
444	+380000159953,+380000133995,693840,693875,694020,180,145,ANSWERED
445	+380000159953,+380008710122,694155,694215,694286,131,71,ANSWERED
446	+380000159953,+380006883307,694807,694840,694885,78,45,ANSWERED
447	+380000159953,+380003977368,694917,694997,695000,83,3,BUSY
448	+380000159953,+380002016490,695400,695434,695458,58,24,ABANDONED
449	+380000159953,+380006649371,695601,695680,695854,253,174,ANSWERED
450	+380000159953,+380007178072,695634,695662,695786,152,124,ANSWERED
451	+380000159953,+380006053966,695867,695878,695996,129,118,ANSWERED
452	+380000159953,+380000432339,696190,696225,696375,185,150,BUSY
453	+380000159953,+380000365437,696301,696339,696393,92,54,ANSWERED
454	+380000159953,+380000133995,696318,696370,696462,144,92,ANSWERED
455	+380000159953,+380006883307,696527,696543,696645,118,102,ANSWERED
456	+380000159953,+380009668635,696942,696986,697138,196,152,ANSWERED
457	+380000159953,+380004335391,697083,697104,697239,156,135,ANSWERED
458	+380000159953,+380007826061,697583,697636,697738,155,102,ANSWERED
459	+380000159953,+380006768836,697821,697871,697897,76,26,ANSWERED
460	+380000159953,+380002815801,697843,697866,697963,120,97,ANSWERED
461	+380000159953,+380005752120,698010,698052,698091,81,39,ABANDONED
462	+380000159953,+380002016490,698017,698080,698226,209,146,ANSWERED
463	+380000159953,+380001578741,698030,698083,698138,108,55,ANSWERED
464	+380000159953,+380006768836,698239,698324,698330,91,6,BUSY
465	+380000159953,+380003382563,698807,698862,698912,105,50,ANSWERED
466	+380000159953,+380000042577,699004,699004,699174,170,170,ANSWERED
467	+380000159953,+380005807907,708099,708164,708276,177,112,ANSWERED
468	+380000159953,+380006360070,713038,713070,713184,146,114,BUSY
469	+380000159953,+380001570866,750141,750226,750281,140,55,ABANDONED
470	+380000159953,+380006053966,752094,752164,752252,158,88,ANSWERED
471	+380000159953,+380008710122,752266,752281,752313,47,32,ANSWERED
472	+380000159953,+380007740670,752385,752432,752577,192,145,ANSWERED
473	+380000159953,+380007852618,753098,753163,753236,138,73,ANSWERED
474	+380000159953,+380007178072,753791,753828,753892,101,64,ANSWERED
475	+380000159953,+380007698918,756182,756241,756304,122,63,ANSWERED
476	+380000159953,+380000163172,756372,756376,756460,88,84,BUSY
477	+380000159953,+380007856580,756830,756833,756876,46,43,ANSWERED
478	+380000159953,+380003209443,757854,757856,757938,84,82,ANSWERED
479	+380000159953,+380000163172,758028,758073,758245,217,172,ANSWERED
480	+380000159953,+380008126216,758377,758433,758486,109,53,ANSWERED
481	+380000159953,+380006053966,759355,759414,759481,126,67,ANSWERED
482	+380000159953,+380001644403,759549,759626,759791,242,165,ANSWERED
483	+380000159953,+380001475853,759576,759578,759605,29,27,ANSWERED
484	+380000159953,+380003382563,759702,759758,759840,138,82,ANSWERED
485	+380000159953,+380001570866,759845,759891,760053,208,162,ANSWERED
486	+380000159953,+380001570866,760148,760213,760264,116,51,ANSWERED
487	+380000159953,+380003647896,760516,760601,760662,146,61,ANSWERED
488	+380000159953,+380007397348,761394,761428,761468,74,40,BUSY
489	+380000159953,+380001475853,761624,761676,761776,152,100,ABANDONED
490	+380000159953,+380000365437,761761,761812,761966,205,154,ANSWERED
491	+380000159953,+380003382563,761988,762069,762173,185,104,ANSWERED
492	+380000159953,+380000133995,762426,762459,762539,113,80,ANSWERED
493	+380000159953,+380002815801,763389,763402,763474,85,72,ANSWERED
494	+380000159953,+380008641069,763499,763510,763629,130,119,ANSWERED
495	+380000159953,+380008902185,763537,763550,763690,153,140,ANSWERED
496	+380000159953,+380006053966,763566,763652,763673,107,21,ANSWERED
497	+380000159953,+380007698918,763786,763825,763976,190,151,BUSY
498	+380000159953,+380007397348,764934,764995,765091,157,96,ANSWERED
499	+380000159953,+380001644403,765593,765661,765764,171,103,ANSWERED
500	+380000159953,+380003777371,766250,766313,766327,77,14,ANSWERED
501	+380000159953,+380006649371,766364,766392,766561,197,169,ANSWERED
502	+380000159953,+380003382563,766938,766986,767074,136,88,ANSWERED
503	+380000159953,+380005752120,767553,767630,767706,153,76,ANSWERED
504	+380000159953,+380004651286,768458,768542,768559,101,17,ANSWERED
505	+380000159953,+380007698918,769169,769234,769395,226,161,ANSWERED
506	+380000159953,+380001475853,769820,769892,770053,233,161,ANSWERED
507	+380000159953,+380006400878,769843,769918,770053,210,135,ANSWERED
508	+380000159953,+380007367817,770156,770230,770392,236,162,ANSWERED
509	+380000159953,+380009668635,770400,770451,770529,129,78,ANSWERED
510	+380000159953,+380001475853,771023,771095,771188,165,93,ANSWERED
511	+380000159953,+380008710122,771249,771296,771455,206,159,ANSWERED
512	+380000159953,+380008570686,772260,772340,772480,220,140,ANSWERED
513	+380000159953,+380008902185,772281,772344,772448,167,104,ANSWERED
514	+380000159953,+380006360070,772853,772925,772987,134,62,ANSWERED
515	+380000159953,+380008641069,773585,773651,773730,145,79,ANSWERED
516	+380000159953,+380006400878,773768,773769,773807,39,38,ANSWERED
517	+380000159953,+380009458417,773890,773909,774071,181,162,ANSWERED
518	+380000159953,+380006053966,774047,774123,774272,225,149,ANSWERED
519	+380000159953,+380008570686,774155,774220,774360,205,140,ANSWERED
520	+380000159953,+380006343961,774295,774354,774444,149,90,ANSWERED
521	+380000159953,+380001475853,774605,774644,774772,167,128,ANSWERED
522	+380000159953,+380003382563,774908,774935,775012,104,77,ANSWERED
523	+380000159953,+380002817831,775102,775107,775136,34,29,ABANDONED
524	+380000159953,+380004335391,775103,775189,775332,229,143,ANSWERED
525	+380000159953,+380002815801,775303,775339,775495,192,156,ANSWERED
526	+380000159953,+380002016490,775327,775345,775485,158,140,ANSWERED
527	+380000159953,+380007397348,775827,775850,775861,34,11,ANSWERED
528	+380000159953,+380007178072,775841,775883,775943,102,60,ANSWERED
529	+380000159953,+380005752120,775940,776016,776151,211,135,ANSWERED
530	+380000159953,+380001688682,776584,776605,776681,97,76,ANSWERED
531	+380000159953,+380006671489,776919,776989,777042,123,53,ANSWERED
532	+380000159953,+380004335391,777140,777148,777232,92,84,ANSWERED
533	+380000159953,+380006649371,777250,777268,777331,81,63,ANSWERED
534	+380000159953,+380008902185,777273,777311,777336,63,25,ANSWERED
535	+380000159953,+380001570866,777910,777944,778069,159,125,ANSWERED
536	+380000159953,+380006883307,778146,778161,778289,143,128,ANSWERED
537	+380000159953,+380005752120,778636,778715,778733,97,18,ABANDONED
538	+380000159953,+380003647896,778897,778941,778954,57,13,ANSWERED
539	+380000159953,+380006768836,779177,779243,779387,210,144,ANSWERED
540	+380000159953,+380003209443,780853,780932,781095,242,163,ANSWERED
541	+380000159953,+380007397348,781767,781831,781960,193,129,ANSWERED
542	+380000159953,+380004651286,781963,781963,782025,62,62,ANSWERED
543	+380000159953,+380004651286,782505,782546,782626,121,80,ANSWERED
544	+380000159953,+380005807907,783102,783142,783235,133,93,ANSWERED
545	+380000159953,+380000365437,783187,783220,783384,197,164,ANSWERED
546	+380000159953,+380007367817,783460,783506,783615,155,109,ANSWERED
547	+380000159953,+380006400878,783524,783542,783624,100,82,ANSWERED
548	+380000159953,+380007397348,784058,784085,784258,200,173,ANSWERED
549	+380000159953,+380003977368,784249,784328,784329,80,1,ANSWERED
550	+380000159953,+380006400878,784397,784457,784480,83,23,ANSWERED
551	+380000159953,+380008902185,784904,784938,785056,152,118,ANSWERED
552	+380000159953,+380000163172,790093,790135,790265,172,130,ANSWERED
553	+380000159953,+380002016490,793450,793454,793522,72,68,ABANDONED
554	+380000159953,+380008710122,810015,810075,810121,106,46,ABANDONED
555	+380000159953,+380006671489,835644,835720,835782,138,62,ANSWERED
556	+380000159953,+380006649371,835654,835685,835809,155,124,BUSY
557	+380000159953,+380006053966,837337,837392,837528,191,136,ANSWERED
558	+380000159953,+380002815801,837876,837885,837987,111,102,ANSWERED
559	+380000159953,+380007740670,838310,838337,838501,191,164,ANSWERED
560	+380000159953,+380009724998,838688,838692,838806,118,114,ANSWERED
561	+380000159953,+380006671489,838793,838857,838934,141,77,ANSWERED
562	+380000159953,+380000432339,839315,839373,839409,94,36,ANSWERED
563	+380000159953,+380007698918,839631,839680,839687,56,7,ANSWERED
564	+380000159953,+380006053966,840144,840223,840322,178,99,ANSWERED
565	+380000159953,+380008710122,840988,840991,841006,18,15,BUSY
566	+380000159953,+380003647896,841305,841390,841563,258,173,ANSWERED
567	+380000159953,+380007826061,841799,841832,841891,92,59,ANSWERED
568	+380000159953,+380003806633,841853,841909,841974,121,65,ABANDONED
569	+380000159953,+380003382563,842531,842543,842665,134,122,ANSWERED
570	+380000159953,+380007826061,842937,843016,843131,194,115,ANSWERED
571	+380000159953,+380007178072,843147,843218,843346,199,128,ANSWERED
572	+380000159953,+380002016490,843190,843250,843361,171,111,ANSWERED
573	+380000159953,+380003777371,843342,843355,843510,168,155,ANSWERED
574	+380000159953,+380002016490,843580,843616,843732,152,116,ANSWERED
575	+380000159953,+380000042577,843748,843824,843828,80,4,ANSWERED
576	+380000159953,+380009668635,844270,844355,844475,205,120,ANSWERED
577	+380000159953,+380007367817,844280,844348,844389,109,41,ANSWERED
578	+380000159953,+380004335391,844406,844462,844547,141,85,ANSWERED
579	+380000159953,+380001644403,844513,844520,844577,64,57,ANSWERED
580	+380000159953,+380006400878,844999,845036,845118,119,82,ANSWERED
581	+380000159953,+380004881415,845091,845172,845283,192,111,ANSWERED
582	+380000159953,+380000042577,845346,845414,845438,92,24,ANSWERED
583	+380000159953,+380002016490,845533,845604,845742,209,138,ANSWERED
584	+380000159953,+380006343961,845808,845866,845911,103,45,ANSWERED
585	+380000159953,+380000365437,845837,845901,845936,99,35,BUSY
586	+380000159953,+380001972812,846065,846081,846150,85,69,ANSWERED
587	+380000159953,+380006671489,846317,846388,846522,205,134,ANSWERED
588	+380000159953,+380001688682,846406,846472,846487,81,15,ABANDONED
589	+380000159953,+380004881415,847110,847120,847256,146,136,ANSWERED
590	+380000159953,+380008902185,847274,847300,847332,58,32,ANSWERED
591	+380000159953,+380006649371,847676,847742,847781,105,39,ANSWERED
592	+380000159953,+380000042577,848225,848272,848292,67,20,ANSWERED
593	+380000159953,+380000432339,848360,848379,848482,122,103,ANSWERED
594	+380000159953,+380009668635,848550,848595,848665,115,70,ANSWERED
595	+380000159953,+380009724998,848570,848623,848774,204,151,BUSY
596	+380000159953,+380003647896,848745,848832,848923,178,91,ANSWERED
597	+380000159953,+380000133995,848852,848852,848948,96,96,ANSWERED
598	+380000159953,+380001578741,848874,848962,848981,107,19,ANSWERED
599	+380000159953,+380005752120,849444,849525,849557,113,32,ABANDONED
600	+380000159953,+380000365437,849544,849584,849694,150,110,ANSWERED
601	+380000159953,+380002817831,849557,849577,849633,76,56,ABANDONED
602	+380000159953,+380008641069,849565,849581,849719,154,138,ANSWERED
603	+380000159953,+380005752120,849714,849756,849778,64,22,ANSWERED
604	+380000159953,+380000365437,849862,849930,849975,113,45,ABANDONED
605	+380000159953,+380009458417,850170,850188,850268,98,80,ANSWERED
606	+380000159953,+380006768836,850180,850216,850388,208,172,ANSWERED
607	+380000159953,+380007826061,850243,850254,850419,176,165,ANSWERED
608	+380000159953,+380007826061,850367,850423,850508,141,85,ABANDONED
609	+380000159953,+380007698918,850416,850454,850492,76,38,ANSWERED
610	+380000159953,+380000365437,850502,850583,850647,145,64,ANSWERED
611	+380000159953,+380007178072,850510,850574,850637,127,63,ANSWERED
612	+380000159953,+380000432339,850617,850695,850860,243,165,BUSY
613	+380000159953,+380006360070,851235,851278,851350,115,72,ANSWERED
614	+380000159953,+380004651286,851474,851563,851575,101,12,ANSWERED
615	+380000159953,+380008902185,851579,851631,851683,104,52,ANSWERED
616	+380000159953,+380004881415,851709,851754,851776,67,22,ANSWERED
617	+380000159953,+380004651286,851789,851872,851959,170,87,ANSWERED
618	+380000159953,+380001578741,852326,852347,852508,182,161,ANSWERED
619	+380000159953,+380009668635,852562,852582,852601,39,19,ANSWERED
620	+380000159953,+380003209443,853049,853093,853202,153,109,ANSWERED
621	+380000159953,+380007852618,853460,853547,853695,235,148,ANSWERED
622	+380000159953,+380004335391,853660,853693,853700,40,7,ANSWERED
623	+380000159953,+380003977368,853691,853775,853832,141,57,ANSWERED
624	+380000159953,+380006671489,853692,853705,853806,114,101,ANSWERED
625	+380000159953,+380001688682,853737,853740,853788,51,48,ANSWERED
626	+380000159953,+380000042577,854304,854309,854449,145,140,BUSY
627	+380000159953,+380003382563,854394,854424,854570,176,146,ANSWERED
628	+380000159953,+380006649371,855012,855082,855206,194,124,ANSWERED
629	+380000159953,+380007698918,855373,855391,855560,187,169,ANSWERED
630	+380000159953,+380000365437,855474,855474,855619,145,145,ANSWERED
631	+380000159953,+380000042577,855612,855620,855776,164,156,ANSWERED
632	+380000159953,+380008570686,855648,855688,855706,58,18,ANSWERED
633	+380000159953,+380000432339,855782,855794,855945,163,151,ANSWERED
634	+380000159953,+380007397348,855868,855905,855937,69,32,ABANDONED
635	+380000159953,+380001475853,856412,856492,856626,214,134,ANSWERED
636	+380000159953,+380000163172,857040,857111,857156,116,45,ANSWERED
637	+380000159953,+380003647896,857058,857083,857132,74,49,BUSY
638	+380000159953,+380003647896,857208,857253,857360,152,107,ANSWERED
639	+380000159953,+380001570866,857765,857840,858006,241,166,ANSWERED
640	+380000159953,+380008126216,857875,857957,858081,206,124,ANSWERED
641	+380000159953,+380003777371,858066,858089,858216,150,127,ANSWERED
642	+380000159953,+380005752120,858361,858427,858504,143,77,ANSWERED
643	+380000159953,+380007178072,858485,858499,858584,99,85,ANSWERED
644	+380000159953,+380006649371,858573,858577,858600,27,23,ANSWERED
645	+380000159953,+380007856580,858591,858671,858812,221,141,ANSWERED
646	+380000159953,+380006053966,858960,858998,859079,119,81,ANSWERED
647	+380000159953,+380001475853,859216,859233,859310,94,77,ANSWERED
648	+380000159953,+380002815801,859241,859270,859384,143,114,ANSWERED
649	+380000159953,+380000432339,859277,859301,859433,156,132,ANSWERED
650	+380000159953,+380005807907,859660,859715,859790,130,75,ANSWERED
651	+380000159953,+380001644403,859740,859771,859904,164,133,ANSWERED
652	+380000159953,+380005752120,859864,859870,859933,69,63,ANSWERED
653	+380000159953,+380003806633,859925,859987,860002,77,15,ANSWERED
654	+380000159953,+380004651286,860166,860231,860393,227,162,BUSY
655	+380000159953,+380003647896,861209,861266,861385,176,119,ANSWERED
656	+380000159953,+380003209443,861637,861706,861825,188,119,ANSWERED
657	+380000159953,+380002016490,861663,861709,861859,196,150,ANSWERED
658	+380000159953,+380007856580,861736,861746,861844,108,98,ANSWERED
659	+380000159953,+380006053966,862289,862290,862371,82,81,BUSY
660	+380000159953,+380003382563,862796,862797,862806,10,9,BUSY
661	+380000159953,+380006360070,862931,862988,863068,137,80,ANSWERED
662	+380000159953,+380009668635,863241,863288,863288,47,0,ANSWERED
663	+380000159953,+380001475853,863247,863327,863433,186,106,ANSWERED
664	+380000159953,+380001570866,863764,863807,863846,82,39,ANSWERED
665	+380000159953,+380000365437,864806,864843,864882,76,39,ANSWERED
666	+380000159953,+380009458417,864903,864939,865108,205,169,ABANDONED
667	+380000159953,+380007826061,865297,865382,865448,151,66,ANSWERED
668	+380000159953,+380000042577,865406,865417,865447,41,30,ANSWERED
669	+380000159953,+380000432339,865580,865603,865768,188,165,ANSWERED
670	+380000159953,+380003977368,865842,865878,865925,83,47,ANSWERED
671	+380000159953,+380009458417,865931,865986,866066,135,80,ANSWERED
672	+380000159953,+380007852618,865973,865992,866063,90,71,ANSWERED
673	+380000159953,+380006400878,866589,866621,866657,68,36,ANSWERED
674	+380000159953,+380006053966,866717,866717,866872,155,155,ANSWERED
675	+380000159953,+380006343961,866976,867010,867052,76,42,ANSWERED
676	+380000159953,+380001972812,867257,867288,867444,187,156,ANSWERED
677	+380000159953,+380001688682,867472,867506,867611,139,105,ANSWERED
678	+380000159953,+380002016490,867599,867625,867647,48,22,ANSWERED
679	+380000159953,+380008710122,868206,868261,868338,132,77,ANSWERED
680	+380000159953,+380009724998,868448,868524,868629,181,105,ANSWERED
681	+380000159953,+380003382563,868817,868824,868855,38,31,ABANDONED
682	+380000159953,+380007367817,869213,869216,869247,34,31,ABANDONED
683	+380000159953,+380001644403,870182,870264,870430,248,166,ANSWERED
684	+380000159953,+380009724998,870201,870248,870314,113,66,ANSWERED
685	+380000159953,+380008902185,870455,870508,870647,192,139,ANSWERED
686	+380000159953,+380003209443,870563,870576,870673,110,97,ANSWERED
687	+380000159953,+380007698918,870795,870877,870983,188,106,BUSY
688	+380000159953,+380000163172,870968,871009,871030,62,21,ABANDONED
689	+380000159953,+380008710122,871225,871257,871404,179,147,ANSWERED
690	+380000159953,+380001644403,877005,877010,877120,115,110,ANSWERED
691	+380000159953,+380003209443,886937,887005,887075,138,70,ABANDONED
692	+380000159953,+380000133995,929017,929046,929153,136,107,ANSWERED
693	+380000159953,+380006671489,929179,929230,929318,139,88,ANSWERED
694	+380000159953,+380006671489,929590,929606,929732,142,126,ANSWERED
695	+380000159953,+380006360070,930027,930101,930168,141,67,BUSY
696	+380000159953,+380006400878,930747,930801,930896,149,95,ANSWERED
697	+380000159953,+380002016490,931057,931088,931229,172,141,ANSWERED
698	+380000159953,+380008126216,931312,931352,931457,145,105,BUSY
699	+380000159953,+380006343961,931601,931647,931778,177,131,ANSWERED
700	+380000159953,+380007367817,931676,931745,931764,88,19,ANSWERED
701	+380000159953,+380003977368,932299,932311,932432,133,121,ANSWERED
702	+380000159953,+380007367817,932379,932400,932528,149,128,ANSWERED
703	+380000159953,+380006768836,932708,932720,932720,12,0,BUSY
704	+380000159953,+380006883307,932884,932922,932930,46,8,ANSWERED
705	+380000159953,+380008570686,933368,933444,933551,183,107,ANSWERED
706	+380000159953,+380006343961,934214,934270,934439,225,169,ANSWERED
707	+380000159953,+380007856580,934323,934345,934369,46,24,ANSWERED
708	+380000159953,+380006360070,934608,934674,934829,221,155,ANSWERED
709	+380000159953,+380003777371,934779,934858,934923,144,65,BUSY
710	+380000159953,+380009668635,934958,934959,935073,115,114,ABANDONED
711	+380000159953,+380001972812,934979,935016,935035,56,19,ANSWERED
712	+380000159953,+380001972812,935729,935778,935783,54,5,ANSWERED
713	+380000159953,+380007367817,937514,937588,937669,155,81,ANSWERED
714	+380000159953,+380001475853,937645,937661,937673,28,12,ANSWERED
715	+380000159953,+380006671489,939268,939328,939376,108,48,ANSWERED
716	+380000159953,+380002815801,939316,939379,939416,100,37,ANSWERED
717	+380000159953,+380001578741,939661,939687,939850,189,163,ANSWERED
718	+380000159953,+380005807907,940001,940063,940157,156,94,ANSWERED
719	+380000159953,+380006883307,940088,940166,940235,147,69,ANSWERED
720	+380000159953,+380007397348,940384,940402,940414,30,12,ANSWERED
721	+380000159953,+380007856580,941339,941375,941514,175,139,ANSWERED
722	+380000159953,+380006883307,941371,941380,941445,74,65,ABANDONED
723	+380000159953,+380005807907,941373,941437,941469,96,32,ABANDONED
724	+380000159953,+380009724998,941485,941523,941549,64,26,ANSWERED
725	+380000159953,+380007826061,941486,941487,941646,160,159,ANSWERED
726	+380000159953,+380007397348,941523,941597,941676,153,79,ANSWERED
727	+380000159953,+380008570686,941750,941818,941924,174,106,ANSWERED
728	+380000159953,+380001578741,942141,942226,942350,209,124,ANSWERED
729	+380000159953,+380006768836,942464,942506,942639,175,133,ABANDONED
730	+380000159953,+380005752120,942494,942576,942662,168,86,ANSWERED
731	+380000159953,+380003209443,942586,942626,942689,103,63,ABANDONED
732	+380000159953,+380000042577,942642,942656,942685,43,29,ANSWERED
733	+380000159953,+380009668635,943765,943804,943855,90,51,ANSWERED
734	+380000159953,+380000432339,943819,943828,943864,45,36,ANSWERED
735	+380000159953,+380006343961,943932,944003,944027,95,24,ANSWERED
736	+380000159953,+380007178072,944053,944074,944174,121,100,ANSWERED
737	+380000159953,+380001475853,944128,944136,944296,168,160,BUSY
738	+380000159953,+380001570866,944243,944270,944437,194,167,ANSWERED
739	+380000159953,+380004651286,944539,944549,944576,37,27,ANSWERED
740	+380000159953,+380005752120,944635,944686,944757,122,71,ABANDONED
741	+380000159953,+380008126216,945687,945701,945807,120,106,ABANDONED
742	+380000159953,+380000365437,945737,945789,945884,147,95,ANSWERED
743	+380000159953,+380006343961,946240,946318,946476,236,158,ANSWERED
744	+380000159953,+380009458417,946396,946397,946518,122,121,BUSY
745	+380000159953,+380004651286,946657,946702,946743,86,41,ANSWERED
746	+380000159953,+380002016490,946730,946816,946896,166,80,ANSWERED
747	+380000159953,+380009724998,946857,946921,946996,139,75,ANSWERED
748	+380000159953,+380000133995,947564,947611,947772,208,161,ABANDONED
749	+380000159953,+380008710122,947649,947720,947856,207,136,BUSY
750	+380000159953,+380002815801,948089,948140,948219,130,79,ANSWERED
751	+380000159953,+380008570686,948389,948441,948559,170,118,ABANDONED
752	+380000159953,+380006053966,948777,948811,948876,99,65,ANSWERED
753	+380000159953,+380007178072,948927,948994,949152,225,158,ANSWERED
754	+380000159953,+380007698918,949157,949226,949278,121,52,ANSWERED
755	+380000159953,+380006343961,949210,949267,949338,128,71,ANSWERED
756	+380000159953,+380001475853,949253,949300,949394,141,94,ANSWERED
757	+380000159953,+380006883307,949277,949366,949391,114,25,BUSY
758	+380000159953,+380002815801,949622,949639,949807,185,168,ANSWERED
759	+380000159953,+380009668635,950035,950060,950213,178,153,ANSWERED
760	+380000159953,+380003777371,950198,950264,950314,116,50,ANSWERED
761	+380000159953,+380006343961,950600,950656,950798,198,142,ABANDONED
762	+380000159953,+380001578741,950639,950644,950737,98,93,ANSWERED
763	+380000159953,+380008570686,950874,950936,950945,71,9,BUSY
764	+380000159953,+380009724998,950946,950975,951030,84,55,ANSWERED
765	+380000159953,+380001688682,951085,951160,951172,87,12,ANSWERED
766	+380000159953,+380001570866,951740,951762,951880,140,118,ANSWERED
767	+380000159953,+380009668635,951880,951913,951962,82,49,ANSWERED
768	+380000159953,+380003977368,952139,952146,952239,100,93,BUSY
769	+380000159953,+380003209443,952154,952222,952322,168,100,BUSY
770	+380000159953,+380007826061,952205,952263,952342,137,79,ABANDONED
771	+380000159953,+380007852618,952444,952485,952596,152,111,ANSWERED
772	+380000159953,+380007826061,952907,952908,953045,138,137,ANSWERED
773	+380000159953,+380001475853,953018,953041,953181,163,140,ANSWERED
774	+380000159953,+380008902185,953089,953140,953172,83,32,ANSWERED
775	+380000159953,+380005752120,953158,953231,953396,238,165,ABANDONED
776	+380000159953,+380007740670,953335,953376,953413,78,37,ANSWERED
777	+380000159953,+380000365437,953875,953951,954070,195,119,ANSWERED
778	+380000159953,+380001475853,954001,954023,954137,136,114,ANSWERED
779	+380000159953,+380000432339,954557,954559,954661,104,102,ANSWERED
780	+380000159953,+380005752120,954721,954762,954817,96,55,ANSWERED
781	+380000159953,+380007178072,954927,954999,955001,74,2,ANSWERED
782	+380000159953,+380006343961,955171,955172,955260,89,88,ABANDONED
783	+380000159953,+380008570686,955428,955517,955652,224,135,ABANDONED
784	+380000159953,+380002815801,955766,955800,955828,62,28,ANSWERED
785	+380000159953,+380008710122,956065,956083,956244,179,161,ABANDONED
786	+380000159953,+380000163172,956304,956333,956491,187,158,BUSY
787	+380000159953,+380002016490,956425,956501,956615,190,114,ANSWERED
788	+380000159953,+380000432339,957610,957640,957681,71,41,ANSWERED
789	+380000159953,+380008570686,959146,959165,959336,190,171,ABANDONED
790	+380000159953,+380009724998,963291,963318,963400,109,82,ANSWERED
791	+380000159953,+380003209443,996483,996546,996568,85,22,ANSWERED
792	+380000159953,+380000163172,1011191,1011279,1011382,191,103,ANSWERED
793	+380000159953,+380000163172,1011490,1011540,1011687,197,147,BUSY
794	+380000159953,+380009724998,1013288,1013342,1013464,176,122,ANSWERED
795	+380000159953,+380000365437,1013492,1013555,1013610,118,55,ANSWERED
796	+380000159953,+380009724998,1014160,1014225,1014367,207,142,ABANDONED
797	+380000159953,+380004335391,1014589,1014589,1014668,79,79,ANSWERED
798	+380000159953,+380003977368,1014873,1014944,1015095,222,151,ANSWERED
799	+380000159953,+380006053966,1016834,1016923,1017054,220,131,ANSWERED
800	+380000159953,+380000365437,1017012,1017049,1017164,152,115,BUSY
801	+380000159953,+380006649371,1017109,1017176,1017210,101,34,ANSWERED
